<?xml version="1.0" encoding="gb2312" standalone="no" ?>
<flash_show_info>
 <user uin="3094335975" ts="1413083541" style="1" sex="0" group="0" effect="0" days="0" face="0" pose="0" />
 <client burl="./flashshow2" tmo="150" trans="on" turl="http://jump.qq.com/clienturl_254" />
 <scene scale="100" x="-20.35" y="0.05" rot="0" style="1" sex="0" />
 <item lyr="53" flyr="53" typ="qqshow">
  <file t="2" typ="swf" url="46" id="1002246" ts="1216086967" x="0.00" y="0.00" rot="0" scale="100" rev="0" />
 </item>
 <item lyr="250" flyr="1" typ="qqshow">
  <file t="2" typ="swf" url="84" id="1031384" ts="1264046092" x="25.00" y="97.00" rot="0" scale="100" rev="0" jump="4" />
 </item>
 <item lyr="402" flyr="402" typ="qqshow">
  <file t="2" typ="swf" url="74" id="1033474" ts="1274067627" x="0.00" y="0.00" scalex="0" scaley="0" rot="0" scale="100" rev="0" />
 </item>
 <item lyr="406" flyr="406" typ="qqshow">
  <file t="2" typ="swf" url="97" id="1045797" ts="1336700506" x="0.00" y="0.00" rot="0" scale="100" rev="0" />
 </item>
 <item lyr="409" flyr="409" typ="qqshow">
  <file t="2" typ="swf" url="97" id="1045797" ts="1336700506" x="0.00" y="0.00" rot="0" scale="100" rev="0" />
 </item>
 <item lyr="412" flyr="412" typ="qqshow">
  <file t="2" typ="swf" url="97" id="1045797" ts="1336700506" x="0.00" y="0.00" rot="0" scale="100" rev="0" />
 </item>
 <item lyr="415" flyr="415" typ="qqshow">
  <file t="2" typ="swf" url="97" id="1045797" ts="1336700506" x="0.00" y="0.00" rot="0" scale="100" rev="0" />
 </item>
 <item lyr="418" flyr="418" typ="qqshow">
  <file t="2" typ="swf" url="97" id="1045797" ts="1336700506" x="0.00" y="0.00" rot="0" scale="100" rev="0" />
 </item>
 <item lyr="421" flyr="421" typ="qqshow">
  <file t="2" typ="swf" url="97" id="1045797" ts="1336700506" x="0.00" y="0.00" rot="0" scale="100" rev="0" />
 </item>
 <item lyr="436" flyr="436" typ="qqshow">
  <file t="2" typ="swf" url="87" id="1047587" ts="1348054437" x="0.00" y="0.00" rot="0" scale="100" rev="0" />
 </item>
 <item lyr="442" flyr="442" typ="qqshow">
  <file t="2" typ="swf" url="87" id="1047587" ts="1348054437" x="0.00" y="0.00" rot="0" scale="100" rev="0" />
 </item>
 <item lyr="448" flyr="448" typ="qqshow">
  <file t="2" typ="swf" url="87" id="1047587" ts="1348054437" x="0.00" y="0.00" rot="0" scale="100" rev="0" />
 </item>
 <item lyr="450" flyr="450" typ="qqshow">
  <file t="2" typ="swf" url="51" id="1039651" ts="1303199847" x="0.00" y="0.00" scalex="0" scaley="0" rot="0" scale="100" rev="0" />
 </item>
 <item lyr="451" flyr="451" typ="qqshow">
  <file t="2" typ="swf" url="51" id="1039651" ts="1301638000" x="0.00" y="0.00" scalex="0" scaley="0" rot="0" scale="100" rev="0" />
 </item>
 <item lyr="461" flyr="461" typ="qqshow">
  <file t="2" typ="swf" url="3" id="1036203" ts="1284545273" x="0.00" y="0.00" scalex="0" scaley="0" rot="0" scale="100" rev="0" />
 </item>
 <item lyr="465" flyr="465" typ="qqshow">
  <file t="2" typ="swf" url="66" id="1036366" ts="1285573457" x="0.00" y="0.00" scalex="0" scaley="0" rot="0" scale="100" rev="0" />
 </item>
 <item lyr="468" flyr="468" typ="qqshow">
  <file t="2" typ="swf" url="61" id="1038761" ts="1297737859" x="0.00" y="0.00" scalex="0" scaley="0" rot="0" scale="100" rev="0" />
 </item>
 <item lyr="469" flyr="469" typ="qqshow">
  <file t="2" typ="swf" url="61" id="1038761" ts="1297737859" x="0.00" y="0.00" scalex="0" scaley="0" rot="0" scale="100" rev="0" />
 </item>
 <item lyr="472" flyr="472" typ="qqshow">
  <file t="2" typ="swf" url="39" id="1031539" ts="1265017758" x="0.00" y="0.00" scalex="0" scaley="0" rot="0" scale="100" rev="0" />
 </item>
 <item lyr="473" flyr="473" typ="qqshow">
  <file t="2" typ="swf" url="39" id="1031539" ts="1265017758" x="0.00" y="0.00" scalex="0" scaley="0" rot="0" scale="100" rev="0" />
 </item>
 <item lyr="482" flyr="482" typ="qqshow">
  <file t="2" typ="swf" url="74" id="1033474" ts="1274067628" x="0.00" y="0.00" scalex="0" scaley="0" rot="0" scale="100" rev="0" />
 </item>
 <item lyr="826" flyr="826" typ="interact">
  <file t="2" typ="swf" url="12" id="3008212" ts="1348627045" x="97.00" y="185.00" rot="0" scale="100" rev="0" />
 </item>
 <item lyr="1024" flyr="1024" typ="qqshow">
  <file t="2" typ="swf" url="0" id="1000000" ts="1378107943" x="0.00" y="0.00" rot="0" scale="100" rev="0" />
 </item>
 <item lyr="1141" flyr="1141" typ="incantationgb">
  <file t="2" typ="swf" url="0" id="1000000" ts="1351579168" x="0.00" y="0.00" rot="0" scale="100" rev="0" />
 </item>
 <item lyr="1150" flyr="1150" typ="incantation">
  <file t="2" typ="swf" url="0" id="1000000" ts="1352451163" x="0.00" y="0.00" rot="0" scale="100" rev="0" />
 </item>
 <item lyr="11024" flyr="11024" typ="qqshow" ver="1">
  <file t="2" typ="swf" url="0" id="1000000" ts="1412763607" x="0.00" y="0.00" rot="0" scale="100" rev="0" />
 </item>
 <item lyr="11141" flyr="11141" typ="incantationgb" ver="1">
  <file t="2" typ="swf" url="0" id="1000000" ts="1384423936" x="0.00" y="0.00" rot="0" scale="100" rev="0" />
 </item>
 <item lyr="11150" flyr="11150" typ="incantation" ver="1">
  <file t="2" typ="swf" url="0" id="1000000" ts="1389689906" x="0.00" y="0.00" rot="0" scale="100" rev="0" />
 </item>
</flash_show_info>
