﻿<?xml version="1.0" encoding="utf-8" ?> 
<signlist version="1" url12="http://imgcache.qq.com/club/item/indivsign/itemlist/$PAGEID$/12_$ITEMID$.png" url24="http://imgcache.qq.com/club/item/indivsign/itemlist/$PAGEID$/24_$ITEMID$.png">
 <list>
 
  <sign id="157" v="1" l="0" n="v157" d="大力神杯" />
  
  <sign id="155" v="1" l="0" n="v155" d="I" />
  
  <sign id="142" v="1" l="0" n="v142" d="爱心" />
  
  <sign id="156" v="1" l="0" n="v156" d="U" />
  
  <sign id="103" v="1" l="0" n="v103" d="企鹅歪脖" />
  
  <sign id="124" v="1" l="0" n="v124" d="麦拉风歪脖" />
  
  <sign id="99" v="1" l="0" n="v099" d="小纯洁歪脖" />
  
  <sign id="100" v="1" l="0" n="v100" d="小幺鸡歪脖" />
  
  <sign id="111" v="1" l="0" n="v111" d="阿狸歪脖" />
  
  <sign id="131" v="1" l="0" n="v131" d="冷兔歪脖" />
  
  <sign id="112" v="1" l="0" n="v112" d="达达兔歪脖" />
  
  <sign id="113" v="1" l="0" n="v113" d="张小盒歪脖" />
  
  <sign id="114" v="1" l="0" n="v114" d="但丁歪脖" />
  
  <sign id="115" v="1" l="0" n="v115" d="炮炮兵歪脖" />
  
  <sign id="78" v="1" l="0" n="v078" d="微笑" />
  
  <sign id="79" v="1" l="0" n="v079" d="撇嘴" />
  
  <sign id="80" v="1" l="0" n="v080" d="流泪" />
  
  <sign id="97" v="1" l="0" n="v097" d="右哼哼" />
  
  <sign id="81" v="1" l="0" n="v081" d="偷笑" />
  
  <sign id="82" v="1" l="0" n="v082" d="抠鼻" />
  
  <sign id="83" v="1" l="0" n="v083" d="呲牙" />
  
  <sign id="90" v="1" l="0" n="v090" d="憨笑" />
  
  <sign id="91" v="1" l="0" n="v091" d="鬼脸" />
  
  <sign id="92" v="1" l="0" n="v092" d="输啦" />
  
  <sign id="93" v="1" l="0" n="v093" d="鄙视" />
  
  <sign id="94" v="1" l="0" n="v094" d="害羞" />
  
  <sign id="95" v="1" l="0" n="v095" d="生气" />
  
  <sign id="96" v="1" l="0" n="v096" d="委屈" />
  
  <sign id="77" v="1" l="0" n="v077" d="起飞" />
  
  <sign id="117" v="1" l="0" n="v117" d="小蛇" />
  
  <sign id="31" v="1" l="0" n="v031" d="棕熊" />
  
  <sign id="20" v="1" l="0" n="v020" d="八爪鱼" />
  
  <sign id="21" v="1" l="0" n="v021" d="燕子" />
  
  <sign id="22" v="1" l="0" n="v022" d="小猫" />
  
  <sign id="23" v="1" l="0" n="v023" d="猫头鹰" />
  
  <sign id="24" v="1" l="0" n="v024" d="毛毛虫" />
  
  <sign id="25" v="1" l="0" n="v025" d="麋鹿" />
  
  <sign id="26" v="1" l="0" n="v026" d="鸭子" />
  
  <sign id="27" v="1" l="0" n="v027" d="小鸡" />
  
  <sign id="28" v="1" l="0" n="v028" d="青蛙" />
  
  <sign id="29" v="1" l="0" n="v029" d="乌龟" />
  
  <sign id="30" v="1" l="0" n="v030" d="熊猫" />
  
  <sign id="39" v="1" l="0" n="v039" d="巧克力冰棒" />
  
  <sign id="18" v="1" l="0" n="v018" d="酒杯" />
  
  <sign id="32" v="1" l="0" n="v032" d="牛奶" />
  
  <sign id="33" v="1" l="0" n="v033" d="苹果" />
  
  <sign id="34" v="1" l="0" n="v034" d="樱桃" />
  
  <sign id="35" v="1" l="0" n="v035" d="桃子" />
  
  <sign id="36" v="1" l="0" n="v036" d="橘子" />
  
  <sign id="37" v="1" l="0" n="v037" d="西瓜" />
  
  <sign id="38" v="1" l="0" n="v038" d="草莓" />
  
  <sign id="40" v="1" l="0" n="v040" d="鸡腿" />
  
  <sign id="47" v="1" l="0" n="v047" d="大雨" />
  
  <sign id="41" v="1" l="0" n="v041" d="太阳" />
  
  <sign id="42" v="1" l="0" n="v042" d="彩虹" />
  
  <sign id="43" v="1" l="0" n="v043" d="浮云" />
  
  <sign id="44" v="1" l="0" n="v044" d="多云" />
  
  <sign id="45" v="1" l="0" n="v045" d="小雨" />
  
  <sign id="46" v="1" l="0" n="v046" d="中雨" />
  
  <sign id="49" v="1" l="0" n="v049" d="月圆" />
  
  <sign id="121" v="1" l="0" n="v121" d="玫瑰" />
  
  <sign id="3" v="1" l="0" n="v003" d="靴子" />
  
  <sign id="54" v="1" l="0" n="v054" d="雨伞" />
  
  <sign id="1" v="1" l="0" n="v001" d="口红" />
  
  <sign id="2" v="1" l="0" n="v002" d="钻戒" />
  
  <sign id="61" v="1" l="0" n="v061" d="天使" />
  
  <sign id="62" v="1" l="0" n="v062" d="恶魔" />
  
  <sign id="5" v="1" l="0" n="v005" d="灯泡" />
  
  <sign id="7" v="1" l="0" n="v007" d="电视机" />
  
  <sign id="13" v="1" l="0" n="v013" d="红领巾" />
  
  <sign id="58" v="1" l="0" n="v058" d="醋坛" />
  
  <sign id="64" v="1" l="0" n="v064" d="娃娃头" />
  
  <sign id="68" v="1" l="0" n="v068" d="烟斗" />
  
  <sign id="69" v="1" l="0" n="v069" d="板砖" />
  
  <sign id="8" v="1" l="0" n="v008" d="照相机" />
  
  <sign id="9" v="1" l="0" n="v009" d="风车" />
  
  <sign id="10" v="1" l="0" n="v010" d="公文包" />
  
  <sign id="12" v="1" l="0" n="v012" d="海魂衫" />
  
  <sign id="14" v="1" l="0" n="v014" d="蝴蝶结" />
  
  <sign id="15" v="1" l="0" n="v015" d="皇冠" />
  
  <sign id="60" v="1" l="0" n="v060" d="唐僧" />
  
  <sign id="66" v="1" l="0" n="v066" d="仙人球" />
  
  <sign id="147" v="1" l="0" n="v147" d="生日个签" />
  
  <sign id="50" v="1" l="0" n="v050" d="汽车" />
  
  <sign id="158" v="1" l="0" n="v158" d="变形金刚" />
  
  <sign id="150" v="1" l="0" n="v150" d="鞭炮" />
  
  <sign id="151" v="1" l="0" n="v151" d="灯笼" />
  
  <sign id="152" v="1" l="0" n="v152" d="福" />
  
  <sign id="141" v="1" l="0" n="v141" d="QQVIP" />
  
  <sign id="149" v="1" l="0" n="v149" d="元宵" />
  
  <sign id="51" v="1" l="0" n="v051" d="木马" />
  
  <sign id="63" v="1" l="0" n="v063" d="招财猫" />
  
  <sign id="16" v="1" l="0" n="v016" d="火车头" />
  
  <sign id="17" v="1" l="0" n="v017" d="火箭" />
  
  <sign id="52" v="1" l="0" n="v052" d="闹钟" />
  
  <sign id="53" v="1" l="0" n="v053" d="铅笔" />
  
  <sign id="67" v="1" l="0" n="v067" d="香烟" />
  
  <sign id="48" v="1" l="0" n="v048" d="雪花" />
  
 </list>
</signlist>