<?xml version="1.0" encoding="utf-8" standalone="no" ?>
<flash_show_info>
 <user uin="1009269697" ts="1413079224" style="1" sex="0" is_quality="1" qqshow_version="3" />
 <scene scale="196" x="-67.20" y="-19.20" rot="0" />
 <item lyr="402" flyr="402" typ="qqshow">
  <file t="2" typ="swf" url="38" id="1038738" ts="1297495720" x="0.00" y="0.00" scalex="0" scaley="0" rot="0" scale="100" rev="0" />
 </item>
 <item lyr="406" flyr="406" typ="qqshow">
  <file t="2" typ="swf" url="69" id="1047569" ts="1348053299" x="0.00" y="0.00" rot="0" scale="100" rev="0" />
 </item>
 <item lyr="409" flyr="409" typ="qqshow">
  <file t="2" typ="swf" url="69" id="1047569" ts="1348053299" x="0.00" y="0.00" rot="0" scale="100" rev="0" />
 </item>
 <item lyr="412" flyr="412" typ="qqshow">
  <file t="2" typ="swf" url="69" id="1047569" ts="1348053299" x="0.00" y="0.00" rot="0" scale="100" rev="0" />
 </item>
 <item lyr="415" flyr="415" typ="qqshow">
  <file t="2" typ="swf" url="69" id="1047569" ts="1348053299" x="0.00" y="0.00" rot="0" scale="100" rev="0" />
 </item>
 <item lyr="418" flyr="418" typ="qqshow">
  <file t="2" typ="swf" url="69" id="1047569" ts="1348053299" x="0.00" y="0.00" rot="0" scale="100" rev="0" />
 </item>
 <item lyr="421" flyr="421" typ="qqshow">
  <file t="2" typ="swf" url="69" id="1047569" ts="1348053299" x="0.00" y="0.00" rot="0" scale="100" rev="0" />
 </item>
 <item lyr="436" flyr="436" typ="qqshow">
  <file t="2" typ="swf" url="86" id="1047586" ts="1348054411" x="0.00" y="0.00" rot="0" scale="100" rev="0" />
 </item>
 <item lyr="442" flyr="442" typ="qqshow">
  <file t="2" typ="swf" url="86" id="1047586" ts="1348054411" x="0.00" y="0.00" rot="0" scale="100" rev="0" />
 </item>
 <item lyr="448" flyr="448" typ="qqshow">
  <file t="2" typ="swf" url="86" id="1047586" ts="1348054411" x="0.00" y="0.00" rot="0" scale="100" rev="0" />
 </item>
 <item lyr="450" flyr="450" typ="qqshow">
  <file t="2" typ="swf" url="55" id="1039155" ts="1337591512" x="0.00" y="0.00" scalex="0" scaley="0" rot="0" scale="100" rev="0" />
 </item>
 <item lyr="451" flyr="451" typ="qqshow">
  <file t="2" typ="swf" url="0" id="1039000" ts="1337566738" x="0.00" y="0.00" scalex="0" scaley="0" rot="0" scale="100" rev="0" />
 </item>
 <item lyr="461" flyr="461" typ="qqshow">
  <file t="2" typ="swf" url="25" id="1037425" ts="1290677706" x="0.00" y="-0.25" scalex="100" scaley="100" rot="0" scale="100" rev="0" />
 </item>
 <item lyr="465" flyr="465" typ="qqshow">
  <file t="2" typ="swf" url="97" id="1038997" ts="1299051883" x="0.00" y="0.00" scalex="0" scaley="0" rot="0" scale="100" rev="0" />
 </item>
 <item lyr="468" flyr="468" typ="qqshow">
  <file t="2" typ="swf" url="67" id="1038667" ts="1296123812" x="-3.00" y="-1.80" scalex="104" scaley="104" rot="0" scale="100" rev="0" />
 </item>
 <item lyr="469" flyr="469" typ="qqshow">
  <file t="2" typ="swf" url="67" id="1038667" ts="1296123812" x="-2.60" y="-1.80" scalex="104" scaley="104" rot="0" scale="100" rev="0" />
 </item>
 <item lyr="472" flyr="472" typ="qqshow">
  <file t="2" typ="swf" url="54" id="1039254" ts="1300071219" x="-4.50" y="-1.05" scalex="106" scaley="106" rot="0" scale="100" rev="0" />
 </item>
 <item lyr="473" flyr="473" typ="qqshow">
  <file t="2" typ="swf" url="54" id="1039254" ts="1300071219" x="-3.95" y="-1.05" scalex="106" scaley="106" rot="0" scale="100" rev="0" />
 </item>
 <item lyr="482" flyr="482" typ="qqshow">
  <file t="2" typ="swf" url="38" id="1038738" ts="1297495720" x="0.00" y="0.00" scalex="0" scaley="0" rot="0" scale="100" rev="0" />
 </item>
 <item lyr="600" flyr="999" typ="qqshow">
  <file t="2" typ="swf" url="56" id="1045656" ts="1335248751" x="68.00" y="58.00" rot="0" scale="100" rev="0" />
 </item>
</flash_show_info>
