<?xml version="1.0" encoding="utf-8" standalone="no" ?>
<flash_show_info>
 <user uin="1009269697" ts="1415035377" />
 <client burl="./flashshow2" tmo="150" trans="on" turl="http://jump.qq.com/clienturl_254" />
 <scene scale="0" x="0.00" y="0.00" rot="0" style="16" sex="0" />
 <message hasNewMsg="true">
  <number>4</number>
  <showreason>0</showreason>
 </message>
 <item lyr="1100" flyr="1100" typ="ownermsg">
  <file t="2" typ="swf" url="18" id="5000018" ts="1378107854" x="0.00" y="40.00" rot="0" scale="100" rev="0" />
 </item>
 <activity actid="2009" user_flag1="0" system_flag2="1" extra_int="0" vars="0|0|1069948800|0|0" />
 <item lyr="1450" flyr="1450" typ="birthdaytip">
  <file t="2" typ="swf" url="0" id="1000000" ts="1333596722" x="0.00" y="0.00" rot="0" scale="100" rev="0" />
 </item>
 <item lyr="9000" flyr="9000" typ="tabs">
  <file t="2" typ="swf" url="0" id="1000000" ts="1402396112" x="-300.00" y="0.00" rot="0" scale="100" rev="0" />
 </item>
 <item lyr="9001" flyr="9001" typ="tabs">
  <file t="2" typ="swf" url="0" id="1000000" ts="1376992528" x="0.00" y="0.00" rot="0" scale="100" rev="0" />
 </item>
 <item lyr="1210" flyr="1210" typ="activescore">
  <file t="2" typ="swf" url="0" id="1000000" ts="1319095367" x="0.00" y="0.00" rot="0" scale="100" rev="0" vars="0" />
 </item>
 <item lyr="1400" flyr="1400" typ="presentshow">
  <file t="2" typ="swf" url="0" id="1000000" ts="1393471656" x="0.00" y="0.00" rot="0" scale="100" rev="0" />
 </item>
 <item lyr="1200" flyr="1200" typ="btnsbar">
  <file t="2" typ="swf" url="0" id="1000000" ts="1351654243" x="0.00" y="0.00" rot="0" scale="100" rev="0" vars="1413079224|1|38|1|0|0|0|2|3|1414236688|0" />
 </item>
 <item lyr="2000" flyr="2000" typ="gdt">
  <file t="2" typ="swf" url="0" id="1000000" ts="1343983021" x="0.00" y="0.00" rot="0" scale="100" rev="0" vars="0" />
 </item>
 <item lyr="1222" flyr="1222" typ="rdlevel">
  <file t="2" typ="swf" url="19" id="5000019" ts="1382409278" x="0.00" y="0.00" rot="0" scale="100" rev="0" vars="0|0||0|0|0|0|" />
 </item>
 <item lyr="11100" flyr="11100" typ="ownermsg" ver="1">
  <file t="2" typ="swf" url="18" id="5000018" ts="1356429322" x="0.00" y="40.00" rot="0" scale="100" rev="0" />
 </item>
 <item lyr="11450" flyr="11450" typ="birthdaytip" ver="1">
  <file t="2" typ="swf" url="0" id="1000000" ts="1347363470" x="0.00" y="0.00" rot="0" scale="100" rev="0" />
 </item>
 <item lyr="19000" flyr="19000" typ="tabs" ver="1">
  <file t="2" typ="swf" url="0" id="1000000" ts="1347243465" x="-300.00" y="0.00" rot="0" scale="100" rev="0" />
 </item>
 <item lyr="11210" flyr="11210" typ="activescore" ver="1">
  <file t="2" typ="swf" url="0" id="1000000" ts="1347363469" x="0.00" y="0.00" rot="0" scale="100" rev="0" vars="0" />
 </item>
 <item lyr="11400" flyr="11400" typ="presentshow" ver="1">
  <file t="2" typ="swf" url="0" id="1000000" ts="1347243465" x="0.00" y="0.00" rot="0" scale="100" rev="0" />
 </item>
 <item lyr="11200" flyr="11200" typ="btnsbar" ver="1">
  <file t="2" typ="swf" url="0" id="1000000" ts="1402396112" x="0.00" y="0.00" rot="0" scale="100" rev="0" vars="1413079224|1|38|1|0|0|0|2|3|1414236688|0" />
 </item>
 <item lyr="12000" flyr="12000" typ="gdt" ver="1">
  <file t="2" typ="swf" url="0" id="1000000" ts="1388129188" x="0.00" y="0.00" rot="0" scale="100" rev="0" vars="0" />
 </item>
 <item lyr="11222" flyr="11222" typ="rdlevel" ver="1">
  <file t="2" typ="swf" url="19" id="5000019" ts="1402396112" x="0.00" y="0.00" rot="0" scale="100" rev="0" vars="0|0||0|0|0|0|" />
 </item>
 <item lyr="11080" flyr="11080" typ="qqshow" ver="1">
  <file t="2" typ="swf" url="0" id="1000000" ts="1402396112" x="0.00" y="0.00" rot="0" scale="100" rev="0" />
 </item>
 <item lyr="11081" flyr="11081" typ="qqshow" ver="1" down="1">
  <file t="2" typ="swf" url="0" id="1000000" ts="1402396112" x="0.00" y="0.00" rot="0" scale="100" rev="0" />
 </item>
 <item lyr="11082" flyr="11082" typ="qqshow" ver="1">
  <file t="2" typ="swf" url="0" id="1000000" ts="1384244933" x="0.00" y="0.00" rot="0" scale="100" rev="0" vars="0" />
 </item>
</flash_show_info>
